Scenario,BatteryCap,Leakage,Algorithm,GridCost,GridEnergy,TasksSolar,TasksGrid,TasksDropped,Completion
S0_T0,10000,0.99,NaiveGrid,319673,1.95303e+06,0,26287,0,100
S0_T0,10000,0.99,GG,307768,1.84992e+06,9998,16289,0,100
S0_T0,10000,0.99,SDC,332190,2.02207e+06,0,26287,0,100
S0_T0,10000,0.99,SP+SDC,313758,1.90482e+06,9916,16371,0,100
S0_T0,10000,0.99,Lyapunov,297518,1.80306e+06,15773,10514,0,100
S0_T0,10000,0.99,SF-Only,307791,1.85008e+06,9955,16332,0,100
S0_T0,10000,0.99,GF-Only,302761,1.8629e+06,14934,11353,0,100
S0_T0,10000,0.99,H-GES,287007,1.77263e+06,15892,10395,0,100
