Scenario,BatteryCap,Leakage,Algorithm,GridCost,GridEnergy,TasksSolar,TasksGrid,TasksDropped,Completion
S0_T0,10000,0.85,NaiveGrid,319673,1.95303e+06,0,26287,0,100
S0_T0,10000,0.85,GG,307823,1.85051e+06,9795,16492,0,100
S0_T0,10000,0.85,SDC,376210,2.26003e+06,0,26287,0,100
S0_T0,10000,0.85,SP+SDC,347966,2.1346e+06,9795,16492,0,100
S0_T0,10000,0.85,Lyapunov,313292,1.91813e+06,12230,14057,0,100
S0_T0,10000,0.85,SF-Only,307824,1.85047e+06,9759,16528,0,100
S0_T0,10000,0.85,GF-Only,315356,1.93339e+06,11632,14655,0,100
S0_T0,10000,0.85,H-GES,290862,1.78149e+06,13353,12934,0,100
