Scenario,BatteryCap,Leakage,Algorithm,GridCost,GridEnergy,TasksSolar,TasksGrid,TasksDropped,Completion
S0_T0,10000,0.75,NaiveGrid,319673,1.95303e+06,0,26287,0,100
S0_T0,10000,0.75,GG,307837,1.85064e+06,9767,16520,0,100
S0_T0,10000,0.75,SDC,382207,2.29601e+06,0,26287,0,100
S0_T0,10000,0.75,SP+SDC,353901,2.16764e+06,9767,16520,0,100
S0_T0,10000,0.75,Lyapunov,317229,1.94192e+06,11458,14829,0,100
S0_T0,10000,0.75,SF-Only,307828,1.85052e+06,9741,16546,0,100
S0_T0,10000,0.75,GF-Only,319147,1.95627e+06,10988,15299,0,100
S0_T0,10000,0.75,H-GES,293368,1.79203e+06,12855,13432,0,100
