Scenario,BatteryCap,Leakage,Algorithm,GridCost,GridEnergy,TasksSolar,TasksGrid,TasksDropped,Completion
S0_T0,10000,0.9,NaiveGrid,319673,1.95303e+06,0,26287,0,100
S0_T0,10000,0.9,GG,307827,1.85051e+06,9810,16477,0,100
S0_T0,10000,0.9,SDC,375843,2.25782e+06,0,26287,0,100
S0_T0,10000,0.9,SP+SDC,344866,2.11599e+06,9810,16477,0,100
S0_T0,10000,0.9,Lyapunov,310875,1.90495e+06,12858,13429,0,100
S0_T0,10000,0.9,SF-Only,307820,1.85043e+06,9772,16515,0,100
S0_T0,10000,0.9,GF-Only,312963,1.91892e+06,12150,14137,0,100
S0_T0,10000,0.9,H-GES,289309,1.79001e+06,14783,11504,0,100
