Scenario,BatteryCap,Leakage,Algorithm,GridCost,GridEnergy,TasksSolar,TasksGrid,TasksDropped,Completion
S0_T0,10000,0.95,NaiveGrid,319673,1.95303e+06,0,26287,0,100
S0_T0,10000,0.95,GG,307795,1.85024e+06,9844,16443,0,100
S0_T0,10000,0.95,SDC,370618,2.22647e+06,0,26287,0,100
S0_T0,10000,0.95,SP+SDC,329977,2.02666e+06,9844,16443,0,100
S0_T0,10000,0.95,Lyapunov,305715,1.86203e+06,13946,12341,0,100
S0_T0,10000,0.95,SF-Only,307813,1.85035e+06,9797,16490,0,100
S0_T0,10000,0.95,GF-Only,309420,1.89742e+06,13138,13149,0,100
S0_T0,10000,0.95,H-GES,288253,1.78222e+06,15275,11012,0,100
