Scenario,BatteryCap,Leakage,Algorithm,GridCost,GridEnergy,TasksSolar,TasksGrid,TasksDropped,Completion
S0_T0,10000,0.5,NaiveGrid,319673,1.95303e+06,0,26287,0,100
S0_T0,10000,0.5,GG,307864,1.85095e+06,9718,16569,0,100
S0_T0,10000,0.5,SDC,391280,2.35058e+06,0,26287,0,100
S0_T0,10000,0.5,SP+SDC,362868,2.22194e+06,9718,16569,0,100
S0_T0,10000,0.5,Lyapunov,322507,1.97383e+06,10595,15692,0,100
S0_T0,10000,0.5,SF-Only,307842,1.8507e+06,9708,16579,0,100
S0_T0,10000,0.5,GF-Only,324306,1.98745e+06,10303,15984,0,100
S0_T0,10000,0.5,H-GES,299369,1.82539e+06,11516,14771,0,100
